type,x_0,x_1,x_2,x_3,x_4,x_5,x_6,x_7,x_8,x_9,x_10,x_11,x_12,x_13,x_14,x_15,x_16,x_17,x_18,x_19,x_20,x_21,x_22,x_23,x_24,x_25,x_26,x_27,x_28,x_29,x_30,x_31,x_32,x_33,x_34,x_35,x_36,x_37,x_38,x_39,x_40,x_41,x_42,x_43,x_44,x_45,x_46,x_47,x_48,x_49,x_50,x_51,x_52,x_53,x_54,x_55,x_56,x_57,x_58,x_59,x_60,x_61,x_62,x_63,x_64,x_65,x_66,x_67,x_68,x_69,x_70,x_71,x_72,x_73,x_74,x_75,x_76,x_77,x_78,x_79,x_80,x_81,x_82,x_83,x_84,x_85,x_86,x_87,x_88,x_89,x_90,x_91,x_92,x_93,x_94,x_95,x_96,x_97,x_98,x_99,x_100,x_101,x_102,x_103,x_104,x_105,x_106,x_107,x_108,x_109,x_110,x_111,x_112,x_113,x_114,x_115,x_116,x_117,x_118,x_119,x_120,x_121,x_122,x_123,x_124,x_125,x_126,x_127
shape_typeclique_baseNode_5_baseNum_1_seed_0,-3.42072089551948e-05,0.0012486048508435488,0.0025552527513355017,-0.003174044191837311,0.00047090783482417464,0.0016504969680681825,0.002362918807193637,0.0037185221444815397,0.002622641157358885,-0.00047470920253545046,-0.003370214719325304,0.003106988500803709,0.0011779969790950418,-0.0025307226460427046,-0.002728531137108803,-0.0010121763916686177,0.002654708456248045,0.003176341066136956,0.003890635911375284,-0.001538884243927896,0.0038469810970127583,0.002810397883877158,0.003569850465282798,0.0003694960323628038,0.001325448276475072,-0.0020267481449991465,0.002464880468323827,-0.0012381878914311528,-0.00013519257481675595,0.003269889857620001,-0.0018263179808855057,-0.00011966323654633015,0.002396325347945094,0.002867882838472724,0.0011229680385440588,-0.002908883849158883,0.0037991441786289215,0.0010959396604448557,0.003924713470041752,-0.002776320790871978,0.0009486758499406278,-0.0012796804076060653,0.0012166808592155576,-0.003697111736983061,0.0025627119466662407,0.0016768680652603507,0.0016386728966608644,0.0021589247044175863,0.0019013133132830262,0.0012394172372296453,0.00022791640367358923,-0.0014611765509471297,-0.001325434073805809,-0.0035855956375598907,0.0003445847542025149,0.00012240507930982858,0.003867202904075384,-0.0030227007810026407,-0.00033280294155701995,0.0039024113211780787,0.00012464523024391383,0.003496421268209815,0.0007606267463415861,0.0029623887967318296,0.0026983781717717648,0.0023929323069751263,-0.003236444666981697,-0.001522451057098806,0.0028373594395816326,0.002665590727701783,-0.000576965743675828,-0.0018103272886946797,-0.0005241605686023831,0.0016996839549392462,0.0018082731403410435,-0.002002521650865674,-0.0004986848216503859,-0.0009891362860798836,-0.0006895430851727724,0.000802992784883827,0.0015252685407176614,-1.4388382624019869e-05,0.002503182739019394,-0.0014549855841323733,0.0038142837584018707,-0.003114338731393218,-0.0017312634736299515,-0.001980031840503216,-0.003259657183662057,-0.001349381753243506,-0.00017583838780410588,0.0014795158058404922,-0.0029053797479718924,-0.0036083804443478584,0.001929464633576572,-0.0014732712879776955,-1.8005543097388e-05,0.00018879948765970767,-0.00043724029092118144,0.0020452039316296577,0.003930625505745411,0.00016195556963793933,0.0013929581036791205,-0.0006786133162677288,0.0012074075639247894,0.0012512176763266325,-0.001457046833820641,-0.0011240884196013212,0.0010324795730412006,0.0037644843105226755,-0.0008522235439158976,0.003634433262050152,0.0029813640285283327,-0.0035323668271303177,-0.0014636985724791884,0.002769698156043887,0.003438742831349373,0.0035816372837871313,-0.0020920359529554844,-0.0015851189382374287,0.00011593681847443804,-0.00048556303954683244,-0.000535613507963717,-0.0012276384513825178,0.003234516829252243,0.001331714098341763,-0.0036831956822425127,-0.0015123842749744654
shape_typeclique_baseNode_5_baseNum_1_seed_1,-0.0010119378566741943,-0.0004993246402591467,0.003205358749255538,0.0011966406600549817,0.0035569402389228344,-0.0008060903055593371,0.0030745449475944042,-0.00120644667185843,0.001644704258069396,0.003821885446086526,0.002953285351395607,-0.0033530222717672586,0.0005387421115301549,0.0020759340841323137,0.0001024383309413679,-0.0007367708021774888,0.00379070732742548,0.002202953677624464,-0.0022818585857748985,0.001125682727433741,0.0016075285384431481,-0.00196236209012568,0.0002144523459719494,0.0004716514959000051,-0.000692433794029057,0.0006369932671077549,-0.001990243559703231,0.0027708231937140226,-0.0017986802849918604,0.003168628318235278,-0.0016994550824165344,0.0008242545882239938,-0.0016926733078435063,0.0023602766450494528,0.0020631076768040657,0.0008336320170201361,0.00225669308565557,-0.0013042838545516133,-0.002720653312280774,0.001622301759198308,-0.0017330606933683157,-0.0036856161896139383,-0.0020290142856538296,0.0014936050865799189,-0.00022811313101556152,-0.0005358072812668979,0.0013555563054978848,-0.003121032379567623,-0.0010338443098589778,-0.003863461082801223,0.0012949086958542466,0.00012463032908271998,-0.0006847604527138174,0.00015368826279882342,-0.0026447135023772717,0.0008288202225230634,0.000548832060303539,-0.0004969370784237981,0.0006989095127210021,0.0009868324268609285,0.0010954353492707014,-0.0035504756961017847,-0.0032509169541299343,-0.0022260546684265137,0.0031199073418974876,0.003120592562481761,0.0016124320682138205,-0.0031635586638003588,0.001911153900437057,-0.0018186972010880709,0.0007978150970302522,0.0009374383371323347,0.0019853936973959208,0.0008634082623757422,0.00240167579613626,4.739689757116139e-06,0.0015775146894156933,0.0023285499773919582,-0.002201469149440527,-0.0034442387986928225,-0.0015198637265712023,0.0015957057476043701,0.0014642898458987474,0.000968187756370753,-0.0008483233978040516,0.0002779787464533001,-0.0034102273639291525,-0.003462055465206504,0.0003766759764403105,-0.0017130301566794515,-0.003410794073715806,0.0027748080901801586,0.002053847536444664,0.00039300776552408934,0.0015101240715011954,0.0020483587868511677,-0.0020493853371590376,0.0027599558234214783,-0.001969198929145932,0.002422979800030589,-0.0020274831913411617,-0.0019107646076008677,0.0003550150722730905,0.000354134215740487,-0.003418763866648078,0.003631127532571554,-0.002266261028125882,0.0011844057589769363,-0.0015304923290386796,0.0025660251267254353,0.0035381168127059937,-0.00035652494989335537,-0.002192243468016386,0.003044618759304285,-0.003352776635438204,-0.0038402543868869543,-0.003530968213453889,0.0013712274376302958,-0.003711613593623042,-0.0026181216817349195,0.003839228069409728,0.00048634366248734295,-0.0031167876441031694,-0.0035568736493587494,0.0025260797701776028,-0.002918454585596919,0.001859594020061195,-0.0033559936564415693
shape_typeclique_baseNode_5_baseNum_1_seed_2,-0.0009305013227276504,-0.002643787767738104,0.0013528037816286087,-0.002343993866816163,0.001739109051413834,-0.001845231861807406,0.0014178412966430187,0.00035014242166653275,-0.0003864802129101008,0.003811931237578392,0.0022745614405721426,-0.0006750125321559608,-0.0005229325615800917,0.0039042814169079065,0.0003807226021308452,-0.002797983819618821,-0.0017116732196882367,0.002795205684378743,-0.002495876979082823,0.0027054150123149157,-0.0008011675090529025,0.002112724119797349,-0.0009909361833706498,0.0005557160475291312,0.003330666571855545,0.000197623812709935,0.002174660097807646,-0.0028350704815238714,0.0026815098244696856,0.0019392219837754965,-0.0037978182081133127,-0.0024144051130861044,0.002233292907476425,0.0024627246893942356,-0.0016171131283044815,-0.0016545673133805394,0.0003283297410234809,0.0025413839612156153,-0.003842931939288974,-0.0009104004129767418,-0.0018648786935955286,0.0021491446532309055,0.0021103788167238235,0.003256182186305523,-0.0029234366957098246,-0.0007696960237808526,0.0036034760996699333,-0.003360260045155883,0.003873176872730255,-0.0035720395389944315,-0.0035739734303206205,-0.003444945439696312,0.0008991198264993727,0.0032550173345953226,0.001961484784260392,0.003960477188229561,-0.0026349201798439026,-0.0030090282671153545,-0.0040173702873289585,0.0019754169043153524,0.00013862739433534443,0.0025886096991598606,-0.0033671909477561712,-0.0009944781195372343,0.0002093412185786292,-0.003509231610223651,-0.00019762020383495837,0.0014853912871330976,0.0023307078517973423,-0.003403614740818739,-0.003042993601411581,-0.0014331109123304486,0.0008422043756581843,0.002629992086440325,-0.0013516295002773404,-0.0028767483308911324,0.0035632899962365627,-0.001985665410757065,-0.003480245592072606,-0.00024134982959367335,0.0019392437534406781,0.0029238092247396708,-0.0013398140436038375,-0.0018382568378001451,0.001789030502550304,-0.00034073172719217837,-0.0024708586279302835,0.0005273072747513652,0.0019809554796665907,-0.0016622113762423396,0.0031368760392069817,-0.00011610575893428177,0.002887530717998743,-0.001278096460737288,0.003347347490489483,0.003499237122014165,0.001540041179396212,-0.001697010942734778,0.0035004832316190004,0.0007461491040885448,-0.0031667572911828756,-0.0019836591091006994,-0.0015645581297576427,-0.0013742642477154732,0.0007489112322218716,-0.0015396010130643845,0.00030680152121931314,-0.000958580116275698,-0.0008395237382501364,0.003864983329549432,0.0018227803520858288,-0.0021605459041893482,-0.0012849963968619704,-0.0005246061482466757,-0.0023116020020097494,-0.001923580071888864,0.0031770532950758934,-0.0005286083905957639,0.0035142344422638416,0.00013884028885513544,-0.0005388102144934237,-0.0017790349666029215,-0.0017917307559400797,0.0034530714619904757,-0.0024203110951930285,-0.0006651839357800782,-0.002751098247244954,0.0002220726601080969
shape_typeclique_baseNode_5_baseNum_1_seed_3,0.000999053125269711,0.0002812898892443627,0.00022903723584022373,-0.0018080523004755378,-0.0008156555122695863,0.0025905543006956577,0.0007312963716685772,-0.0012387890601530671,-0.0030153358820825815,-0.0032078390941023827,-0.0017168017802760005,0.001769042108207941,0.0006361062987707555,-0.0029790292028337717,-0.0008776361937634647,9.732450416777283e-05,0.0015748200239613652,0.002714409027248621,-0.0020965146832168102,-0.00136606115847826,0.003192206611856818,-0.0011198818683624268,0.002928100759163499,0.0035359784960746765,0.0038652680814266205,0.0013197252992540598,0.0016471368726342916,-0.0010873181745409966,-0.0024400295224040747,-0.00164493836928159,-0.002291005104780197,0.002208549529314041,-0.0010979213984683156,-0.002975721610710025,0.0038685351610183716,0.001394133665598929,0.0017386378021910787,-0.0035650653298944235,-0.0028841006569564342,-0.0023751005064696074,0.0006996491574682295,0.000709447602275759,0.0005298283067531884,0.0013166966382414103,0.002765933983027935,0.002196874702349305,-0.0007156074861995876,-0.003335653804242611,0.0001882918440969661,0.002677228534594178,-0.0010825797216966748,0.00020326882076915354,-0.0032882902305573225,0.003454209305346012,-0.0022297597024589777,-0.0028648516163229942,0.003810558468103409,-0.0022696468513458967,-0.0038109964225441217,0.0035408216062933207,-0.0037124776281416416,0.002915996592491865,-0.004030308220535517,0.0026163621805608273,0.002168458653613925,-0.002932582050561905,0.00013917795149609447,0.003153675701469183,0.0013064247323200107,0.002022434026002884,0.0008476808434352279,-0.001881575328297913,-0.0011079855030402541,0.00239935121499002,1.5857352991588414e-05,0.00361049035564065,0.0018004649318754673,0.002152247354388237,0.0026847997214645147,-0.0028542818035930395,0.0013059332268312573,0.00038912956370040774,-0.0035794430878013372,-0.0005090823979116976,-0.0011404576944187284,0.000648255692794919,0.0014708088710904121,-0.0015746832359582186,0.00041518316720612347,0.002322846557945013,0.0015745047712698579,0.0001976928615476936,0.0030502239242196083,-0.0038727191276848316,-0.0015163593925535679,0.0006247205310501158,-0.0029244250617921352,0.0020326036028563976,0.0009555239230394363,-0.0031775112729519606,0.0009275583433918655,0.002290259813889861,0.0005993135273456573,0.0011650031665340066,-0.0011832814197987318,0.000180533024831675,0.0038701838348060846,0.0037904835771769285,0.003326237667351961,0.003174996469169855,0.002702303696423769,0.0024897262919694185,0.003174037439748645,-0.0026649273931980133,0.0014142101863399148,0.002579177962616086,-0.00036722904769703746,0.002586253685876727,-0.0029610153287649155,0.0017706180224195123,-0.0006984060164541006,-0.0003951402904931456,-0.0010737451957538724,-0.0015832011122256517,0.0003140763146802783,-0.002655935939401388,0.0025260564871132374,-0.0030407726299017668
shape_typeclique_baseNode_5_baseNum_1_seed_4,0.0017987062456086278,-0.0013228819007053971,0.002585351001471281,-0.0005671505350619555,0.002189704915508628,-0.001375161693431437,0.001068146899342537,-0.0009236665791831911,0.003802328137680888,-0.003130546770989895,0.0005435159546323121,-0.0007180529646575451,-0.0004516883345786482,-0.0010454290313646197,-0.0012287808349356055,-0.0013943050289526582,-0.001950096688233316,-0.00038868363481014967,-0.000213806692045182,-0.00284878583624959,-0.0012440280988812447,-0.0037818090058863163,-0.0016505048843100667,-0.002049734117463231,-0.003345735836774111,0.0003719228261616081,-0.0007829173118807375,0.002927956636995077,0.0025460587348788977,-0.0021584650967270136,-0.0037956915330141783,-0.0022291895002126694,-0.0025637224316596985,0.003880708711221814,0.0038880568463355303,0.0038112401962280273,0.001820706995204091,-0.00010398975427960977,-0.0005997555563226342,-0.002616345416754484,0.0037582411896437407,0.0005133859813213348,0.0038984576240181923,-0.0033907373435795307,-0.0026068768929690123,-0.0015007380861788988,0.0019454228458926082,-0.001224057050421834,0.002046481240540743,0.0035046187695115805,-0.0007310037617571652,0.003494492033496499,-0.0014808871783316135,-2.277387466165237e-05,0.0024087652564048767,-0.003742820583283901,-0.0016318595735356212,-0.0037143982481211424,-0.003961598034948111,-0.001331887673586607,0.0025554904714226723,0.000700397533364594,0.0022913108114153147,-0.001149877905845642,0.0027754511684179306,0.0017039295053109527,0.003354912158101797,-0.002576591679826379,0.002166314050555229,-0.0026279629673808813,-0.002229279140010476,0.0037471114192157984,0.0036922588478773832,0.0016370837111026049,-0.0015830568736419082,0.0032535907812416553,-0.002093044575303793,-0.0037430201191455126,-0.003258710028603673,-0.0033021285198628902,0.0015422232681885362,0.0024628748651593924,0.0033983029425144196,-0.0004069591232109815,-0.0013769291108474135,0.001821548561565578,0.0031821925658732653,0.0022440070752054453,-0.0005212007672525942,-0.001264768186956644,-0.0026279850862920284,0.0019460467156022787,-0.001234656199812889,0.0004872963181696832,-0.003422114532440901,0.0037742815911769867,-0.0008656146819703281,0.0028310467023402452,-0.0010363414185121655,0.0009979581227526069,0.0035185501910746098,-0.0028135571628808975,-0.0005905373836867511,-0.0032595035154372454,0.0014746234519407153,0.0031952050048857927,-0.0033924817107617855,0.00311155803501606,-0.0035344231873750687,0.003138638101518154,-0.0005203787004575133,0.0016100844368338585,-0.0007262876606546342,-0.003608942264690995,-0.00254028826020658,-0.0029771015979349613,0.003389947582036257,0.0006183648365549743,-0.002870728261768818,0.001046211807988584,-0.0023835620377212763,-0.0037366861943155527,-0.003247248474508524,0.0017872555181384087,-0.0004119521763641387,-0.0012738335644826293,-0.0024215432349592447,-0.0006561799091286957
shape_typecycle_baseNode_5_baseNum_1_seed_0,0.0015110477106645703,0.0035217306576669216,-0.0013751167571172118,-0.0037377963308244944,-0.001089228200726211,0.0012472831876948476,0.0001091697413357906,0.0029403658118098974,-0.002746253740042448,-0.00035139601095579565,-0.002503484021872282,0.0033251927234232426,0.0018076314590871334,0.0021514103282243013,-0.00029210333013907075,-0.00336997932754457,0.0005586096085608006,-0.0004463865188881755,0.0003535701835062355,-0.0020079181995242834,0.0028922443743795156,3.77417600248009e-05,-0.002849659649655223,-0.0030446022283285856,-0.0025497116148471832,0.0027979579754173756,0.0024160766042768955,-0.002460982883349061,-0.0006524802302010357,0.0006234036991372705,0.00041533182957209647,0.0018354224739596248,-0.002068839268758893,0.0037189743015915155,-0.0028607414569705725,0.002043629763647914,-0.0029011936858296394,0.002368679502978921,0.0007991243037395179,0.002184720942750573,-0.002801625058054924,-0.0004010695847682655,0.002999350894242525,0.0032942325342446566,0.0034129826817661524,-0.003276701085269451,-0.003869923297315836,-0.0017856950871646404,-0.0015778463566675782,-0.0015137700829654932,-0.003042094176635146,-0.002542543690651655,0.0023675120901316404,0.0006389571935869753,-0.001615741290152073,-0.0037516038864851,-0.002750164130702615,0.003163362853229046,0.0036713825538754463,0.002018472645431757,-0.002599976724013686,0.0007812306866981089,0.0013512406731024384,-0.0015739655354991555,-0.0029731937684118748,0.0007912098080851138,-4.5652148401131853e-05,0.001772825955413282,-0.00026107142912223935,-0.0013058552285656333,0.001931835082359612,-0.0014252087567001581,0.00017012987518683076,-0.0006420721183530986,0.0015026450855657458,-0.003015264170244336,0.002281446708366275,-0.000863725203089416,-0.00014061635010875762,-0.002413372974842787,0.0019612747710198164,-0.0030682336073368788,0.0013465069932863116,0.002872985787689686,0.003288349136710167,0.0017243303591385484,-0.003999985754489899,-0.0035931055899709463,0.0020255798008292913,0.0032521176617592573,0.0024244440719485283,0.00024539028527215123,0.003347790567204356,0.0021415618248283863,0.002375638112425804,0.0027088485658168793,0.002252740552648902,0.003189211478456855,0.002368367277085781,0.0010830770479515195,-0.0015687030972912908,0.0010812999680638313,0.0032214527018368244,0.0003633753804024309,0.0003685679694171995,0.003607990685850382,0.0027841071132570505,-0.0009538682061247528,0.0004750853986479342,-0.0009458336280658841,0.0024774903431534767,-0.0019356646807864308,0.003444747067987919,0.0034623511601239443,0.00231339642778039,0.0039013614878058434,0.0016995893092826009,0.0007718538981862366,-0.003729466116055846,0.003696456551551819,0.0033841747790575027,-0.0008387963753193617,0.0006433863309212029,0.001823377562686801,0.0021474941167980433,0.0027743347454816103,-0.0032494631595909595,0.0005380754009820521
shape_typecycle_baseNode_5_baseNum_1_seed_1,0.0004532588354777545,-0.002885524183511734,0.0016081886133179069,0.0016729151830077171,0.0016089226119220257,0.0006258938228711486,-0.001870002131909132,-0.0028557204641401768,-0.002838460262864828,0.002963075879961252,-0.0006710367160849273,0.0027981658931821585,-0.002173199551180005,-0.003615250112488866,0.0012665631948038936,-0.0016083588125184178,-0.0021574138663709164,0.0003338339738547802,-0.002100470010191202,0.0027547453064471483,-0.00099849549587816,0.0016133092576637864,0.0005375120672397316,0.0015356872463598847,-0.0008315136656165123,0.001567248022183776,0.003876608796417713,0.0028526776004582644,0.0008786211838014424,-0.002322163200005889,0.003492385381832719,-3.389708581380546e-05,0.00032644422026351094,0.0012801496777683496,-0.000225595518713817,0.000753856438677758,0.0001747560891089961,-0.00220553413964808,0.0033346060663461685,0.0004059538769070059,0.0011878085788339376,0.0022835407871752977,-0.0036983080208301544,-0.003863772377371788,-0.0013784498441964388,-6.955974095035344e-05,-0.0015447468031197786,-0.003041482763364911,0.003334054024890065,-0.002894684439525008,0.003259562887251377,0.00043840674334205687,-0.0019426553044468164,0.0009620232158340514,-0.0006074938573874533,-0.0002967810141853988,-0.0003824926679953933,-0.0017828538548201323,0.0030911408830434084,-0.0003757487575057894,0.00302253570407629,0.0005152300000190735,-0.002036353573203087,-0.0006894522230140865,-0.0017054190393537283,-0.000114518275950104,-0.0034382499288767576,0.003319739131256938,0.002857079729437828,-0.0025158210191875696,0.002119762357324362,0.00265347003005445,-0.003801363054662943,0.0036138328723609447,0.0003417840343900025,-0.0006323837442323565,-0.0014097075909376144,-0.003035908564925194,-0.002822623122483492,-0.0022376184351742268,0.003280645702034235,0.00024201892665587366,-0.002116574440151453,0.0038977060467004776,0.00014576975081581622,-0.0008885968709364533,-0.003735438222065568,0.00046627354458905756,-0.0013655433431267738,-0.0007292692316696048,-0.0029810310807079077,-0.002243529073894024,0.0007256627432070673,0.0012572358828037977,0.003505462547764182,0.0034758809488266706,-0.0005427146097645164,0.001356026390567422,-0.002976158633828163,0.0009020487777888775,0.0004465890524443239,0.002243023831397295,-0.0028526647947728634,-0.002149729523807764,-0.0029397744219750166,0.003183446591719985,-0.0006548491073772311,0.0005179637810215354,-0.0021468233317136765,-0.0008805147372186184,0.0007072468288242817,-0.0019369644578546286,-0.0023050305899232626,-0.0008540946873836219,0.00210460158996284,-0.0015039612771943212,-0.0037137086037546396,-0.0027883979491889477,0.00046018377179279923,0.0012440730351954699,0.00023689522640779614,-0.002492758212611079,-0.0021480191498994827,0.003164150984957814,-0.001295521855354309,-0.0023507813457399607,-0.0020243367180228233,-0.0020372781436890364
shape_typecycle_baseNode_5_baseNum_1_seed_2,0.0029391045682132244,-0.003908404149115086,0.0009224126115441322,0.0025562606751918793,-0.0013603400439023972,0.003001898992806673,-0.001160788000561297,-0.0034094355069100857,-0.001221137004904449,-0.0006210677674971521,0.0022474052384495735,0.0019667705055326223,-0.0022460489999502897,-0.0002383383543929085,0.0029977550730109215,-0.002938346704468131,0.003353537293151021,0.0024675093591213226,-0.0019375098636373878,0.001494350377470255,-0.0007436076994054019,-0.0010707071051001549,0.00031895528081804514,0.002771618077531457,0.0016922370996326208,-0.0011203992180526257,0.0017215876141563058,-0.0010103818494826555,-0.0038311423268169165,0.0002977371623273939,-0.002218095352873206,0.003721006214618683,0.0012663532979786396,-0.00250793294981122,-0.0009775992948561907,-0.002958201104775071,-0.0005314569571055472,-0.0014589595375582576,0.0014689002418890595,-0.0030182041227817535,0.0026095726061612368,-0.0015681316144764423,-0.003158108564093709,-0.0008241120958700776,-0.0029212762601673603,0.002244079951196909,-0.0009632385335862637,0.0036538823042064905,0.0036435830406844616,0.0010095499455928802,-0.0020466872956603765,-0.0016421906184405088,0.002733387053012848,-0.0029400112107396126,0.0026967772282660007,-0.0009267334244213998,0.0030483603477478027,-0.002335389144718647,0.0019334997050464153,-0.0025202170945703983,-0.00010598602966638282,-0.003824514104053378,-0.002850012853741646,0.002789037302136421,-0.0032999850809574127,-0.0012051170924678445,-0.0015799603424966335,-0.0006628175615333021,-0.0026298537850379944,-0.0034790937788784504,0.0017547430470585823,0.0008172109955921769,-0.0005832402966916561,0.0021441674325615168,-0.00012027637421851978,-0.00015212272410281003,-0.0033540583681315184,0.002365250140428543,-0.001607565674930811,0.0009016296244226396,-7.294819806702435e-05,5.5813452490838245e-05,0.000702252727933228,0.0035952446050941944,0.0014226364437490702,0.0028599242214113474,0.002074433956295252,0.0024415466468781233,-0.0026675330009311438,-0.002364950720220804,-0.0006076553836464882,-0.0022538669873028994,0.0014210998779162765,0.003647825215011835,0.0016912062419578433,-5.615785994450562e-05,0.0016847369261085987,0.003752679331228137,-0.003214891068637371,-0.00041624909499660134,0.0027157850563526154,-0.003549174638465047,-0.0030356256756931543,-0.0032273530960083008,0.0024102521128952503,-0.0018663632217794657,0.001833244226872921,0.0038581599947065115,0.0028018830344080925,0.0009160026093013585,0.0035744018387049437,0.0023867522832006216,-0.0010626900475472212,0.0015394388465210795,-0.003330030245706439,0.0009549815440550447,0.002046420704573393,0.0005365353426896036,0.0028282334096729755,4.7843310312600806e-05,0.0024992479011416435,-0.0035752952098846436,0.0035580385010689497,-0.000904050306417048,0.002717983676120639,0.002272952813655138,-0.0005502345156855881,0.0005195657722651958
shape_typecycle_baseNode_5_baseNum_1_seed_3,-0.0002041373518295586,0.002559078624472022,0.0012726864079013467,-0.0035907533019781113,-0.0005263976054266095,0.003920426592230797,-0.0012906657066196203,0.0038827979005873203,0.00039956768159754574,0.0018690761644393206,-0.0017171413637697697,0.0020768458489328623,0.00021195068256929517,-0.0022377667482942343,0.0003362318384461105,0.0038732478860765696,0.00016509044507984072,-0.0018825959414243698,0.0017961467383429408,0.001336849993094802,-0.0027483573649078608,-0.0028720509726554155,0.00027897529071196914,-0.003026448655873537,0.002266715280711651,0.0018185880035161972,-0.0006249183206818998,-0.0016071023419499397,-0.0013700644485652447,-0.0018293432658538222,0.0007468162220902741,-0.0011008258443325758,0.0036979520227760077,0.0015010533388704062,0.0018267016857862473,0.002427468542009592,0.0010226143058389425,0.0023940252140164375,-0.00268884957768023,0.003651939332485199,-0.0017394197639077902,-0.0029446238186210394,0.0027028704062104225,-0.0007816751021891832,0.002455967478454113,0.0033349019940942526,0.0037737058009952307,0.003667415352538228,0.002199566690251231,-0.0015365295112133026,0.0006482801982201636,4.8185469495365396e-05,0.003872631350532174,-0.0035958776716142893,0.00037900617462582886,0.0028182954993098974,0.003276021685451269,0.0029213435482233763,-0.0018199299229308963,-0.0035042320378124714,0.0021223679650574923,-7.15854639565805e-07,0.0022545510437339544,-0.0032089143060147762,0.0035757720470428467,-0.0006819912814535201,0.0023947027511894703,-6.003610178595409e-05,0.0030403947457671165,-0.0023651921655982733,-0.0002180536976084113,0.002301872707903385,0.00020860614313278347,0.002579919993877411,-0.0020283146295696497,-0.002664535539224744,0.0012071437668055296,0.0012325638672336936,-0.0008645589696243405,0.0006770809413865209,0.002626387169584632,-0.0011320316698402166,-0.001182335545308888,-0.003170125652104616,-0.0038201126735657454,0.0014291845727711916,-0.0006386501481756568,0.0014085914008319378,5.022525874665007e-05,-0.0005302761564962566,0.0022494145669043064,-0.003360264003276825,-0.0017331514973193407,-0.0023695346899330616,0.0010143405525013804,-0.0035248692147433758,0.0025579906068742275,-0.0004440098418854177,-0.0028776763938367367,-0.003943366929888725,0.0019450264517217875,-0.001307917758822441,0.00034507361124269664,-0.0011450810125097632,-0.002104101236909628,0.002443018602207303,0.001264042453840375,0.003215866396203637,0.003701627952978015,-0.0025006490759551525,0.0007619212265126407,-0.00022152348537929356,0.001973420148715377,-0.0011415514163672924,-0.0005168485804460943,0.0026841023936867714,0.0009039025753736496,0.0026633194647729397,0.0017579665873199701,0.0022399835288524628,0.001666068797931075,-0.002959755714982748,-0.0037699074018746614,0.0033363341353833675,6.747198494849727e-05,0.0038513808976858854,0.0020079482346773148,-0.0034221401438117027
shape_typecycle_baseNode_5_baseNum_1_seed_4,-0.0037494320422410965,0.000545073242392391,-0.0026116627268493176,0.003772659692913294,0.0034952503629028797,-0.002285077702254057,-0.003121880581602454,0.0022806168999522924,0.00011179914872627705,-0.0030769614968448877,-0.0030166837386786938,-0.0034130339045077562,0.002950732596218586,0.0025881752371788025,-0.0016019389731809497,-0.001271211076527834,0.0025419259909540415,0.0016268693143501878,-0.0023208996281027794,5.390321166487411e-05,-0.00028538305195979774,0.0022952421568334103,0.0036622704938054085,-0.002024299232289195,0.0026270896196365356,-0.0008326982497237623,-0.0007663547294214368,0.0030567662324756384,0.0004413192218635231,0.0014267247170209885,0.0033808820880949497,0.0020884256809949875,-0.0017878157086670399,0.00026466193958185613,-0.0033582234755158424,0.0031529469415545464,-0.000930112786591053,-0.0014441086677834392,0.00017813406884670258,-0.000604840402957052,0.0025735984090715647,0.001436433638446033,-0.003882881486788392,-0.0033512096852064133,0.0028395189438015223,-0.0029301620088517666,0.0010596130741760135,0.0024340313393622637,-0.0017462964169681072,-0.0035845572128891945,-0.0015383645659312606,-0.0013528213603422046,-4.004053550943354e-07,0.003162277163937688,-0.0027335931081324816,0.0028070516418665648,-0.00043269791058264673,0.00362379034049809,-0.002132304245606065,-0.002549433149397373,-0.00045829350710846484,-0.002227723365649581,-0.0015355573268607259,-0.0009964683558791876,-0.0013520545326173306,0.003446084912866354,0.000758242211304605,-0.0036729411222040653,0.002194394823163748,-0.0008081868290901184,0.000959020690061152,-0.003031711792573333,-0.0004426934174261987,0.0025058425962924957,0.0009159681503660977,0.00373830390162766,0.00029405858367681503,0.0022146047558635473,0.0024028688203543425,0.0030626351945102215,0.0027897602412849665,-0.0003370129270479083,0.0029921182431280613,0.0010011382400989532,0.00181189167778939,0.0012147733941674232,-0.0013740245485678315,0.0036911156494170427,0.0005293466383591294,0.0013013571733608842,0.0007046463433653116,0.0011932424968108535,0.0007074796012602746,-0.002643624087795615,0.003164473222568631,0.0038408683612942696,0.0020108844619244337,0.002973580500110984,-0.0035604266449809074,-0.001412973622791469,-0.0026204558089375496,-0.0036520883440971375,0.0002414348564343527,-0.0021933161187916994,-0.0035423345398157835,0.0015996828442439437,0.0025669836904853582,0.00011443428957136348,0.0015804574359208345,0.00016852702538017184,-0.000222064511035569,0.0003464412584435195,0.0006259127403609455,0.000925747852306813,-2.022531407419592e-05,-0.0024168016389012337,0.0013801208697259426,-0.0007907366380095482,-0.0020973477512598038,-0.0012154995929449797,0.002839083783328533,-0.003510179230943322,-0.003651965642347932,0.0025841931346803904,-0.0005986925098113716,0.0006137652671895921,-0.002024378627538681,0.00015858003462199122
shape_typediamond_baseNode_5_baseNum_1_seed_0,-0.0037296831142157316,0.0011120381532236934,-0.0011960265692323446,-0.0013731163926422596,-0.0037988275289535522,0.000510234443936497,0.0009648366249166429,0.0011521773412823677,0.003074285574257374,0.0012828496983274817,0.0008253235719166696,0.0037837056443095207,9.114167187362909e-05,-0.003533553332090378,0.002641350030899048,0.0023329805117100477,-0.0026993134524673223,-0.0023072429466992617,0.0030854111537337303,-0.0006152215646579862,-0.002762941876426339,-0.0025418922305107117,-0.0014852891908958554,-0.0007436356972903013,0.0017063539708033204,-0.0007143137627281249,-0.0012751489412039518,0.003249499714002013,-0.0014571305364370346,-0.0011113208020105958,-0.0002786313707474619,0.00021721604571212083,-0.003430777695029974,0.0019549746066331863,0.00245910813100636,-0.0011060468386858702,0.00011359968630131334,0.0027154027484357357,0.0033372060861438513,-0.0018325861310586333,-0.0034270358737558126,0.000845034490339458,-0.0006279575172811747,0.0035224640741944313,-0.0019552826415747404,0.002446950413286686,-0.0016806336352601647,-0.0017128261970356107,-0.001011847984045744,0.002964596962556243,0.0011548405745998025,0.0003553191781975329,0.0016718723345547915,-5.077613423054572e-06,0.0012407894246280193,-0.0037670584861189127,0.000607407302595675,-0.003913889639079571,0.0017148139886558056,-0.0008769674459472299,-0.0002558858832344413,-0.002875501522794366,0.0025286974851042032,-0.002594012301415205,-0.003450673306360841,-0.0004925837856717408,-0.002988195978105068,-0.001057415851391852,-0.0030197363812476397,-0.0010473935399204493,0.0008713464485481381,-0.0007480357307940722,-0.0026573543436825275,-0.001124433008953929,0.0014774033334106207,0.0022553515154868364,0.002784350188449025,0.0007950888248160481,0.0010205850703641772,-0.002546158619225025,-0.0018024692544713616,-0.00328441197052598,-0.0013982851523905993,0.002769320271909237,0.0012815515510737896,-0.0012734790798276663,0.0002965107560157776,0.002396839438006282,-0.0018987427465617657,0.002255344530567527,4.462739889277145e-05,-0.0007480193162336946,0.0007053327281028032,-0.0031974497251212597,-0.0016095660394057631,0.0009410807979293168,-0.0009696718771010637,0.002033100463449955,-0.001223140861839056,0.0033142203465104103,0.0037133663427084684,0.0033784923143684864,0.0036445127334445715,-0.001006359700113535,0.0015948184300214052,-2.1421617930172943e-05,0.0011533338110893965,0.0004330865922383964,-0.0029153269715607166,0.0012244652025401592,0.0007576944190077484,6.349637260427698e-05,-0.0017156131798401475,-0.0022340265568345785,0.00014397451013792306,-0.0006312823388725519,0.001959214685484767,0.0024109724909067154,-0.0025799740105867386,-0.002235540421679616,-0.0010765681508928537,-0.003501155646517873,0.001277355127967894,0.003608357161283493,0.0030487242620438337,0.0036650884430855513,-0.0019631190225481987,-0.0015366111183539033
shape_typediamond_baseNode_5_baseNum_1_seed_1,0.0018264055252075195,0.0026851871516555548,-0.0005903145647607744,-0.002111413050442934,-0.0006688153371214867,4.867918687523343e-05,-0.001013484550639987,0.0016624599229544401,-0.0011099613038823009,0.0005342408549040556,0.0029238867573440075,0.0035126367583870888,0.001737896935082972,0.002752923872321844,-0.0009590693516656756,0.00029183781589381397,-0.002236785599961877,-0.00027517968555912375,7.900098717072979e-05,-0.0021946565248072147,0.0033334793988615274,-0.00017935693904291838,-1.5675599570386112e-05,-0.0019999095238745213,0.003168487921357155,-0.0002518552646506578,-0.001269230735488236,0.0031194014009088278,-0.0016158550279214978,-0.00026128493482246995,0.0015134640270844102,-0.0037261967081576586,-0.0038995889481157064,0.0039124456234276295,0.00060409982688725,-0.0031684571877121925,0.0018826249288395047,2.3845175746828318e-05,0.0020810526330024004,0.0016492148861289024,0.003070785664021969,-0.0022866851650178432,-0.002642575651407242,0.0028664993587881327,-0.0011073360219597816,-0.0010130999144166708,-0.0009352224296890199,-0.0011795792961493134,-0.0018168577225878835,-0.0020803501829504967,-0.0009055191767401993,0.002862973138689995,-0.001274365116842091,-0.0004052308213431388,-0.0024336210917681456,0.001260790741071105,0.0018192932475358248,-0.0007379688904620707,-0.002587300492450595,0.0023227371275424957,-0.0003643569361884147,-0.0004474789893720299,-0.0010502124205231667,-0.001809313427656889,0.0017464187694713473,-0.003444730769842863,0.0010734574170783162,-0.0028122246731072664,0.004082874394953251,0.0012653358280658722,-0.0006978746387176216,-0.0025577342603355646,6.99980664649047e-05,-0.00032642719452269375,0.003070185426622629,0.003018277697265148,-0.0008131439099088311,0.0027935670223087072,-0.001832329435274005,0.0009603381040506065,-0.003604107303544879,0.000645896012429148,0.0014986753230914474,-0.0023192008957266808,-0.002094777999445796,-0.003222431754693389,-0.0019954557064920664,-0.002709137974306941,0.0030206870287656784,0.003624272532761097,-0.0023396445903927088,-0.0020423210225999355,-0.0028152386657893658,-0.0018685173708945513,-0.002354951109737158,-0.0005427002324722707,-0.0029096209909766912,-0.0031071496196091175,0.0019777866546064615,-0.00027995099662803113,-0.001930540893226862,0.0019077225588262081,-0.00027695123571902514,0.0005111824721097946,-0.0023119801189750433,0.002286868402734399,0.0009053422836586833,0.00235614157281816,-0.00020849784777965397,-0.0016117990016937256,0.002259011147543788,0.0029688698705285788,-0.001048694597557187,-0.003927319310605526,-0.002736971713602543,-0.003705445444211364,0.0009341322002001107,0.0012025199830532074,-0.0028510119300335646,0.0032435765024274588,0.001436603837646544,0.002220814349129796,-0.0033518620766699314,0.0033390680328011513,0.00040387152694165707,-0.0006552885170094669,-0.0004598297527991235,-0.0011252242838963866
shape_typediamond_baseNode_5_baseNum_1_seed_2,-0.0015796624356880784,-0.0005316321039572358,0.0009706051205284894,0.000312235759338364,0.0018800616962835193,-0.0006450935616157949,-0.0004508273850660771,0.00311304465867579,0.001768159563653171,-0.0015430690255016088,0.0023385717067867517,-0.0030047621112316847,-0.0037655143532902002,0.0024116879794746637,0.003974915947765112,0.0010531158186495304,0.0006853007362224162,0.0038870417047291994,0.0012043447932228446,0.0035063002724200487,0.0034206570126116276,0.0034329185727983713,-0.0022337145637720823,-0.001446198089979589,0.0006665169494226575,-0.002764506498351693,0.0027581071481108665,-0.0023724946659058332,-0.0003829247725661844,0.0006738789961673319,0.002007026458159089,0.001666881376877427,-0.002531033009290695,0.0011131708743050694,-0.0004806300566997379,0.0021035736426711082,-0.0007948484853841364,-0.00287446565926075,-0.0021484713070094585,0.003435990074649453,-0.0033165065106004477,0.0005857835640199482,-0.0006560502224601805,-0.00018537497089710087,0.0036171041429042816,9.016053809318691e-05,-0.0007710476638749242,-0.0037973986472934484,-0.0025223256088793278,-0.0010129631264135242,0.0006752668996341527,0.0020801315549761057,-0.00257013738155365,0.0034088443499058485,3.381948408787139e-05,-0.002662692917510867,-0.0029656467959284782,0.0005963282892480493,0.002909998642280698,0.00126609206199646,0.0020930510945618153,-0.0009140578913502395,0.0034942375496029854,0.003260725876316428,0.0021902096923440695,-0.0027495373506098986,0.0032074670307338238,0.0016714570811018348,-0.0022345855832099915,-0.0023902428802102804,-0.0020362690556794405,0.0011778136249631643,0.0021837912499904633,-0.0022825358901172876,-0.0017372219590470195,0.0014882113318890333,-0.0032496952917426825,0.0016780890291556716,-0.002467496320605278,-0.0017052908660843968,0.0032700623851269484,-0.003346871817484498,-0.0016347497003152966,-0.00044497623457573354,-0.00041709194192662835,-8.189987420337275e-05,-0.0016633112682029605,-0.003439361695200205,-0.0009353553759865463,-0.001066588913090527,0.002186270896345377,0.00012831830827053636,0.0010582610266283154,0.0016906100790947676,-0.002045298460870981,-0.00012279406655579805,0.003583306912332773,-0.0033088361378759146,0.0034769331105053425,-0.003291334258392453,0.002146626589819789,0.000483266863739118,-0.0023639376740902662,0.0032180992420762777,-0.001128183794207871,-0.0034917646553367376,0.0007374361739493906,-0.0013751250226050615,0.0035724956542253494,-0.0026810013223439455,0.002628051210194826,-0.00042664248030632734,0.00017505201685708016,-0.002353076124563813,-0.003349443431943655,-0.0028691354673355818,-0.0015284339897334576,0.0005412666359916329,-0.002632337622344494,0.003805096261203289,-0.0017894532065838575,0.0028992570005357265,-0.00033057917607948184,0.0014260144671425223,-0.0015553466510027647,-0.003144223242998123,0.0034644727129489183,0.00167221634183079
shape_typediamond_baseNode_5_baseNum_1_seed_3,0.00023563548165839165,-0.0005248360685072839,0.0009346774313598871,0.002025108551606536,-0.002567040268331766,4.9632813897915184e-05,-0.0014007182326167822,0.003095838474109769,-0.0005593166570179164,4.848934258916415e-05,-0.003995398059487343,-0.002848608186468482,-0.0013001170009374619,0.0022247452288866043,0.0024406318552792072,-0.0007147173746488988,-0.0005244415369816124,-0.0019052738789469004,-0.0004472560540307313,0.0018937288550660014,0.0038123438134789467,0.0008007533615455031,0.0020513562485575676,-0.0034161810763180256,0.001169786904938519,-0.001347257406450808,-0.002489606151357293,-0.003662558039650321,0.0026457293424755335,-0.003141022054478526,0.0018313060281798244,-0.0020475746132433414,-0.0035085012204945087,-0.002397462958469987,0.0038971423637121916,-0.0015214737504720688,0.003444613656029105,-0.0010452973656356335,-0.001523560262285173,-0.0033350219018757343,-0.0007714430103078485,0.00018394597282167524,-0.0024536100681871176,-0.0027187883388251066,0.002510001650080085,-0.0007189457537606359,0.0021881540305912495,-0.003047454170882702,-0.002781359711661935,0.00021757252397947013,0.0031098341569304466,0.000506104901432991,0.0011112417560070753,0.0012203962542116642,-0.0022062850184738636,0.0020134304650127888,0.0005097506218589842,-0.003620979143306613,-0.003245193511247635,-0.001420788117684424,0.003429674543440342,-0.0017106847371906042,-0.00275044864974916,-0.0001414930447936058,-0.0029646349139511585,-0.0021725918632000685,-0.0012418357655405998,0.00248738843947649,0.0008292921120300889,-0.0004973196773789823,-0.00323466956615448,-0.0038291173987090588,-0.0010133207542821765,0.002177991671487689,0.0034134122543036938,0.003786013461649418,-0.003404247807338834,0.0024622592609375715,0.003641703398898244,0.0010761790908873081,-0.0016976703191176057,-0.0023138471879065037,-8.89759321580641e-05,0.0018166651716455817,0.0019158776849508286,-0.002921070670709014,-0.003750517498701811,-0.00031817713170312345,-0.0013564148684963584,0.003021911019459367,-0.0014406552072614431,0.003020510310307145,0.0011478799860924482,0.0012276723282411695,-6.19630009168759e-05,-0.00377744366414845,-0.0027565883938223124,0.0012669623829424381,-0.0011747564421966672,-0.0023922224063426256,0.002677267650142312,0.0024100830778479576,-0.0032124370336532593,-0.002750829793512821,0.0008451747125945985,-0.0003381870628800243,0.0027909395284950733,0.0005038785166107118,0.001794479787349701,-0.0006766133010387421,0.003183951834216714,0.0008054274949245155,0.002109991619363427,0.0033579012379050255,0.0004122591344639659,-0.001438006991520524,0.0021976609714329243,-0.00047577405348420143,-0.0007255516829900444,0.002407458843663335,0.0006280528614297509,-0.0004278540436644107,0.0035967472940683365,-0.0011351869907230139,0.0012201991630718112,0.004002072382718325,-0.003959941677749157,0.0021709268912672997
shape_typediamond_baseNode_5_baseNum_1_seed_4,-0.003901030868291855,0.002076568780466914,-0.00026475265622138977,0.0008321736240759492,0.0007426337106153369,0.0021969780791550875,0.002618747763335705,0.0025046360678970814,-0.0004409847315400839,0.001985292648896575,-0.0037229154258966446,-0.0016059145564213395,-0.00297921197488904,0.0030368894804269075,-0.0027022946160286665,-0.0016782719176262617,-0.003149871015921235,-0.00025409378577023745,-0.0013331710360944271,-0.002259257948026061,0.0015303930267691612,0.0004430203407537192,-0.0020213730167597532,0.0037552921567112207,0.0011539396364241838,-0.0012694014003500342,0.003800096455961466,0.00039288715925067663,-0.0026844616513699293,0.003106101183220744,-0.0037242677062749863,0.0006371051422320306,0.003272871021181345,2.3423115635523573e-05,-0.002029289724305272,-0.0019198297522962093,-0.00253530265763402,-0.00029971287585794926,0.0016955385217443109,-0.003892688313499093,0.0011337163159623742,-0.002726013772189617,-0.0002654612180776894,0.0025544334203004837,-0.0037713563069701195,0.003163848305121064,0.0027113023679703474,-0.000666462117806077,0.002001481596380472,-0.002413870068266988,-0.0021750794257968664,-0.003367803758010268,-0.0034237331710755825,0.0006107998779043555,0.0023684739135205746,0.0006988967070356011,-0.0022877648007124662,-0.002864216919988394,0.0003800592676270753,0.0005006290739402175,7.123163959477097e-05,-0.0021214219741523266,0.003189351409673691,0.0030990270897746086,0.001162687549367547,-0.0018848838517442346,0.003418557345867157,0.0016995578771457076,-0.0004438132746145129,-0.0018162564374506474,-0.0032909149304032326,-0.0026297345757484436,0.0011423277901485562,0.0015575014986097813,0.002412013476714492,-0.0007835294236429036,-0.0013303422601893544,0.0012539451709017158,0.003357336390763521,-0.00025745027232915163,-0.003689609467983246,0.0010178480297327042,0.0013847850495949388,-0.003634797874838114,-0.0032468719873577356,-0.003346700919792056,0.00024181557819247246,-0.0011614629765972495,-0.00374322640709579,0.0007114885956980288,0.00016019443864934146,0.0013264411827549338,-7.809199451003224e-05,-0.0031059919856488705,-0.00279053021222353,-0.0017204965697601438,0.00018908799393102527,0.00276816519908607,-0.0005085047450847924,0.0035235993564128876,-0.00175948953256011,-0.0007203106069937348,-0.0023554579820483923,-0.0033299094066023827,0.002682599937543273,-0.002919592196121812,0.0007257724064402282,-0.0029071331955492496,0.003432605415582657,0.00324476370587945,-0.003273899434134364,-0.002479705261066556,-0.0007182146655395627,-0.00017221922462340444,-0.0007584081031382084,-0.0003129825054202229,-0.0011834099423140287,0.0029404873494058847,-0.0025317291729152203,-0.0005131771904416382,-0.0007028671680018306,0.0003548895474523306,-0.001052781706675887,0.002647652756422758,0.0013189836172387004,-0.002202622126787901,-0.0004129383887629956,0.00029944200650788844
shape_typefan_baseNode_5_baseNum_1_seed_0,-0.0005583181045949459,-0.0024465343449264765,0.0015097248833626509,0.0014756348682567477,0.0018544053891673684,0.0033103767782449722,-0.0009403512231074274,-0.0026221827138215303,-0.0022231207694858313,-0.001152156270109117,-0.0012490521185100079,-0.0038618124090135098,-0.001285307458601892,0.002804515650495887,-0.003366712247952819,0.003353232517838478,0.0010649963514879346,-0.001961764646694064,-0.0005052320193499327,0.0006280444213189185,0.0003157104947604239,-0.00028000911697745323,0.0017925517167896032,0.0031787026673555374,-0.0020581104326993227,-0.0036282495129853487,-0.002604058710858226,-0.0004037791513837874,0.0015066084451973438,-0.00032605373417027295,0.0005856928182765841,-5.3534109611064196e-05,0.0007786715286783874,-0.0010017610620707273,0.0012165152002125978,-0.002375432290136814,0.0025989850983023643,0.0012296037748456001,-0.0005375022301450372,-0.0011523757129907608,-0.0034213701728731394,0.0007478832849301398,-1.3871611372451298e-05,-0.00046415350516326725,-0.003415130078792572,-0.0007247338653542101,-3.868633575621061e-05,0.0026412191800773144,-0.0013017549645155668,0.0021226988174021244,0.000467748410301283,-0.0005486842128448188,-0.002775033237412572,-0.0023831112775951624,-0.00367962964810431,0.0028019770979881287,0.00027759058866649866,0.0012616876047104597,0.00214451109059155,-0.0004864906659349799,-8.460842218482867e-05,-0.003853087779134512,-0.0016412298427894711,-0.0008297328604385257,7.970206206664443e-05,0.0038539189845323563,0.000814249215181917,0.0023248938377946615,0.002648421563208103,0.002784732962027192,-0.0026916577480733395,0.0017472642939537764,0.0022893971763551235,-0.0028766924515366554,4.335400080890395e-05,0.001797493314370513,-0.0028313917573541403,0.0008142890292219818,0.002278105355799198,-0.0016566792037338018,0.0004745214246213436,0.002261827467009425,-0.003133858786895871,0.001859086100012064,0.0034720306284725666,-0.0013130696024745703,-0.0021173334680497646,0.00296216132119298,-0.003201310522854328,-0.0015548584051430225,0.0006217441405169666,-0.00027091451920568943,0.003550710156559944,0.000543979462236166,0.001397213782183826,0.002358107827603817,0.0011936479713767767,-0.0015928635839372873,0.0020752260461449623,-0.00020231091184541583,0.0011727465316653252,0.0008781435899436474,0.0025575831532478333,-0.0014851123560220003,0.0010551043087616563,-9.430072532268241e-05,0.0013063026126474142,9.00973282114137e-06,-0.0013607095461338758,0.0018189032562077045,0.003516615368425846,0.0036704412195831537,-0.0022824122570455074,0.0023739724420011044,-0.0008504552533850074,0.0037172187585383654,-0.0008625056361779571,0.002202145289629698,-0.003961998037993908,-0.002533462829887867,0.0011299222242087126,0.0025695660151541233,0.0001407061208738014,0.0033052372746169567,-0.0005806033150292933,0.0013854922726750374,-0.001127943629398942,0.0026096573565155268
shape_typefan_baseNode_5_baseNum_1_seed_1,-0.0036468650214374065,-0.00031165272230282426,-0.003512241644784808,-0.0024143257178366184,-0.0019249726319685578,0.003776817349717021,0.0008980727288872004,-0.0013349708169698715,-0.0013589843874797225,-0.0030804902780801058,-0.002357462188228965,0.0037906221114099026,0.00268155662342906,0.0007039383053779602,0.0021866965107619762,0.0003095360880251974,0.0007674266817048192,0.0015812658239156008,-0.0015800270484760404,0.001052011619322002,-0.0021849304903298616,-0.0007275154930539429,0.0033988854847848415,-0.0038647374603897333,0.0012518300209194422,-0.0020198519341647625,0.0010304994648322463,0.0017813662998378277,-0.0023137081880122423,0.0009758336236700416,-0.0016127887647598982,-0.002226111013442278,-0.0012449013302102685,-0.00010480770288268104,0.0002700052282307297,0.0015148561215028167,-0.0008524321019649506,0.0008912764023989439,-0.001897999900393188,-0.0008607422932982445,0.0032866797409951687,-0.001576335751451552,0.0021345685236155987,0.0033908190671354532,0.00033983224420808256,-0.0033879110123962164,0.0012974438723176718,0.001366349752061069,-0.0008100733975879848,-0.0028879395686089993,0.0003998453903477639,0.002167888218536973,-0.00018013657245319337,-0.0017245709896087646,0.002462046453729272,0.0023762269411236048,0.0028917815070599318,-0.00028618823853321373,-0.0029886874835938215,0.0025672351475805044,0.0018206342356279492,0.0022826483473181725,-0.0025887906085699797,-4.382108454592526e-05,0.0034041982144117355,-0.0013504226226359606,-0.0034398918505758047,0.003900303738191724,-0.0016282766591757536,-0.0015894933603703976,7.030666165519506e-05,-0.002911773743107915,-0.0031969251576811075,0.0037235813215374947,0.00014429293514695019,-0.0010444162180647254,0.00010648294846760109,0.0024669442791491747,0.001969758188351989,-0.0012192624853923917,-0.0033871023915708065,-0.001774757169187069,-0.003472632961347699,-0.002077010227367282,-0.0005276317242532969,-0.0034906514920294285,-0.0006189799751155078,-0.0026984005235135555,0.0027262819930911064,-0.0032770216930657625,0.00018138255109079182,-0.0031630732119083405,0.0015506932977586985,0.0011862297542393208,0.0036828380543738604,-0.0016817611176520586,-0.002198265166953206,-0.0008686897344887257,0.0008122604340314865,-0.00037160146166570485,0.002421159762889147,-0.00018694091704674065,0.0017340733902528882,0.0034871420357376337,0.0005614407127723098,-0.002165665850043297,0.002828025259077549,-0.00017921267135534436,0.001037302426993847,0.0007005810621194541,0.0020412581507116556,-0.0033130955416709185,0.0018402205314487219,0.002796520246192813,0.0010288917692378163,-0.0009781363187357783,0.0011510992189869285,-0.00378358899615705,-0.0010206805309280753,-0.0036940390709787607,0.0035910429432988167,0.0034960543271154165,-0.0014280406758189201,-0.0021930979564785957,-0.0005722687346860766,0.002615138655528426,-0.0012216346804052591,-0.002288389252498746
shape_typefan_baseNode_5_baseNum_1_seed_2,0.0002699487376958132,0.0002488073951099068,-0.002432924695312977,-0.001403523376211524,-0.0023209531791508198,0.0032189900521188974,0.0011320420308038592,-0.0021167013328522444,-0.00311248074285686,0.003636644221842289,0.00275254063308239,-0.0030352978501468897,-0.0008473052293993533,0.00040720487595535815,0.0032827320974320173,0.00220144703052938,0.0009803975699469447,0.0010708614718168974,0.0016863687196746469,7.903310324763879e-05,0.00047818711027503014,0.0011326182866469026,-0.0015138344606384635,-0.0030560032464563847,-0.0004519321082625538,0.0037673749029636383,0.002077624900266528,-0.0033143567852675915,-0.0020440334919840097,0.0013590710004791617,0.003251007990911603,0.0023641649167984724,0.002936215605586767,0.0006829915218986571,-0.002631505485624075,0.0032576113007962704,0.002843762282282114,-0.0009538293234072626,-0.002428114879876375,0.0015695308102294803,-0.0023279995657503605,0.002329680137336254,-0.0011504261055961251,-0.0019440726609900594,0.0003743095730897039,-0.0012178681790828705,-0.0018219823250547051,0.001836793147958815,5.838272045366466e-05,0.003556173527613282,0.003132669487968087,0.003441927721723914,0.0033289396669715643,0.003748241113498807,0.00118255487177521,-6.418718839995563e-05,0.0008023966802284122,-0.0016676622908562422,0.0038163072895258665,-0.0014715648721903563,0.0021412577480077744,-0.002817238448187709,0.0032396619208157063,0.0020619453862309456,0.002064591972157359,-0.00010056059545604512,-0.0012145336950197816,0.0012392799835652113,-0.0016216221265494823,0.0018956519197672606,-0.00011659647861961275,0.002481230301782489,-0.003356081433594227,-0.003209508489817381,-0.002203253097832203,0.0008542340365238488,-0.000938099401537329,-0.0031774926465004683,0.0020522568374872208,-0.0016402113251388073,-0.0026119553949683905,-0.0034486395306885242,0.0017193991225212812,-0.003546089632436633,-0.0034237136133015156,-0.0012836995301768184,0.0013442208291962743,0.0026851100847125053,0.0017738944152370095,-0.0014879773370921612,0.0014415306504815817,-0.0006049959338270128,-0.0028160964138805866,-0.003175140358507633,0.001695329206995666,-0.0035370993427932262,0.0024887616746127605,-0.0009414661908522248,-0.002203234238550067,0.0002786312543321401,0.0021228755358606577,-0.0008934768266044557,0.002874568337574601,0.0033054619561880827,0.0021864420268684626,-0.0014049398014321923,0.00047335654380731285,0.001868704566732049,-0.0007854934665374458,-0.0022985232062637806,-0.001052705105394125,0.0022693402133882046,-0.0016384340124204755,0.0021626220550388098,-0.0010376011487096548,-0.001978921703994274,0.00040257893851958215,0.0006806853343732655,0.0018102404428645968,0.0009356256923638284,-0.0023880149237811565,0.00165040441788733,0.002218744484707713,0.00019685356528498232,-0.0008699197205714881,-0.0010361041640862823,0.0033022407442331314,0.0035757161676883698
shape_typefan_baseNode_5_baseNum_1_seed_3,-0.0005313875153660774,0.0031218312215059996,0.002871784847229719,0.0013714696979150176,-0.003769419388845563,0.0015642723301425576,0.0026271825190633535,0.0033384670969098806,-0.0005842678365297616,0.0018831939669325948,0.0013382297474890947,0.00022719631670042872,0.0016724233282729983,-0.0008973058429546654,0.0028283693827688694,0.002440881682559848,0.0011017792858183384,0.00044684141175821424,0.0013184142298996449,0.0021852932404726744,0.0032516384962946177,0.0001415730221197009,-0.002797969151288271,0.0013981552328914404,-0.001675032894127071,0.0026808956172317266,-0.0004256900865584612,0.0016089797718450427,-0.00045913527719676495,0.0022172548342496157,-0.0030605962965637445,0.003401677357032895,-0.003995994571596384,0.0015786183066666126,0.002315981313586235,-0.00234767934307456,-0.0026200739666819572,0.00039933196967467666,-0.000704884878359735,0.0016678089741617441,0.00015338211960624903,-0.0018398127285763621,0.00017821237270254642,0.002813772764056921,-0.0035704285837709904,0.0015490452060475945,-0.0020829762797802687,0.003770841984078288,-0.0029038863722234964,0.0017393345478922129,-0.0032437280751764774,-0.0010022392962127924,0.0008035394712351263,0.002961863297969103,-0.002452888060361147,-0.0035899507347494364,-0.002592921955510974,-0.0004670532944146544,-0.0035627204924821854,-0.0012000328861176968,-0.0006679478683508933,0.0017614008393138647,0.0029545659199357033,2.1743187971878797e-05,0.0025087150279432535,-0.0024263793602585793,0.002013812307268381,-0.00294604804366827,-0.0022702915593981743,0.0025057753082364798,0.0029827039688825607,0.0031870128586888313,-3.932298204745166e-05,0.0032958746887743473,-0.0034009262453764677,-0.002265354385599494,0.0007011013804003596,0.0040549105033278465,-3.7438843719428405e-05,0.0009723613038659096,0.0026784567162394524,-0.0022304493468254805,0.003138667205348611,0.0018556906143203378,-0.0012107836082577705,0.0034165517427027225,-0.0009830197086557746,-0.0034095270093530416,-0.0007595550850965083,0.0008558455156162381,-0.001953974599018693,0.00024076861154753715,0.0020368946716189384,0.0018392055062577128,0.0004748475330416113,0.003559527453035116,-0.0019357099663466215,0.001394794206134975,-0.0010289682541042566,-0.0001228685723617673,0.0003541218175087124,0.0024518363643437624,-0.002696181181818247,0.003166586859151721,0.0033371851313859224,-0.0012273038737475872,0.003610564162954688,0.0036341408267617226,-4.5633634726982564e-05,0.0034922694321721792,0.0007429766119457781,-0.0013165174750611186,-0.00026091429754160345,-0.0035942718386650085,0.0021504841279238462,-0.002990289591252804,-0.0022432252299040556,0.0020780989434570074,0.002296807710081339,-0.0023482758551836014,0.002777320798486471,0.0014878587098792195,-0.001476562232710421,-0.0035578084643930197,-0.0008883429691195488,0.002008209703490138,-0.0003272101457696408,0.002384285908192396
shape_typefan_baseNode_5_baseNum_1_seed_4,-0.0032571344636380672,-0.003223455511033535,0.003166280221194029,0.003282826393842697,6.429738277802244e-05,0.003481138264760375,0.0006458779098466039,0.0037113085854798555,5.844125917064957e-05,-0.0019094874151051044,-0.0008255769498646259,0.0028073491994291544,-0.002792533254250884,-0.0008587570046074688,0.0018964590271934867,0.0030242979992181063,-0.0005550484638661146,-0.0011602984741330147,0.0015872536459937692,0.0032611782662570477,-0.0020194523967802525,0.0037922398187220097,-0.0019273421494290233,0.0029256227426230907,-0.0006379520636983216,0.003237815573811531,-0.00044361408799886703,-0.0014909669989719987,-0.003289312357082963,0.003047145437449217,0.000696542439982295,0.0032983622513711452,0.0013140867231413722,-0.0030035332310944796,0.0025361243169754744,-8.726455416763201e-05,-0.0029008237179368734,-0.002967300359159708,0.0032655552495270967,0.00320806703530252,-0.001668459502980113,-0.003014748450368643,-0.0026140969712287188,-0.003391047241166234,-0.0026271557435393333,0.0017507219454273582,0.0009769892785698175,-0.0014938339591026306,-0.0002673647250048816,-0.00016939840861596167,-0.0026058293879032135,-0.0007362434989772737,0.0034880456514656544,-6.698752258671448e-05,0.0006713595939800143,-0.0015898876590654254,-0.0012627505930140615,-0.00392806576564908,-0.003177119418978691,0.00030762102687731385,-0.0033939320128411055,-0.001619472517631948,-0.003181734587997198,0.0023882046807557344,0.002981568453833461,0.0003108775126747787,0.0036101893056184053,0.0010002580238506198,-0.0004482495132833719,0.0012749474262818694,0.0036241160705685616,0.0017657786374911666,-0.0012284452095627785,0.003832892281934619,0.002751031657680869,0.000969356915447861,0.001261712284758687,0.0015461900038644671,-0.002540440298616886,0.0017487184377387166,-0.0005374230095185339,-0.002374721923843026,-0.0005175824044272304,-0.0038509529549628496,0.0011727793607860804,0.00013524736277759075,-0.002710269996896386,-7.126194395823404e-05,0.001572339329868555,-0.0007833402487449348,0.0004457105533219874,0.0032540836837142706,0.002368859015405178,0.0005292731802910566,0.0036456866655498743,-0.0011562802828848362,-0.0024020567070692778,0.000734020140953362,2.721923556237016e-05,0.00021191942505538464,0.0021747120190411806,-0.0016023386269807816,-0.0012157493038102984,0.00017799400666262954,-0.0005775681347586215,-0.0001233937218785286,0.0021606418304145336,-1.5207641808956396e-05,0.0011455415515229106,0.000839688116684556,-0.0034014007542282343,0.0016319574788212776,0.0023057805374264717,0.0026929948944598436,0.0014406231930479407,-0.0019055871525779366,0.0010650838958099484,-0.001440388965420425,-0.002392576541751623,-0.0020105079747736454,0.0005871910834684968,-0.0007030364358797669,0.0003208251146133989,0.0030696557369083166,0.003388277953490615,-0.0019128796411678195,-0.0005365549004636705,0.0035673852544277906
shape_typehouse_baseNode_5_baseNum_1_seed_0,-0.0017846375703811646,-0.0018552959663793445,0.003311936976388097,-0.001286893617361784,0.0012708728900179267,0.0001256555551663041,0.0002636916469782591,0.0030617290176451206,0.00026802715728990734,0.0007748317439109087,-0.0018372002523392439,0.0009912146488204598,0.0033825584687292576,-0.00306157604791224,-0.000997803290374577,-0.002834209706634283,-0.0020929924212396145,0.002720616292208433,0.0020873653702437878,-0.001810056040994823,0.0024544810876250267,0.0015054569812491536,0.0028636548668146133,0.001998821971938014,-0.0017045652493834496,-0.0025404265616089106,0.000982418074272573,0.0023241860326379538,0.00014776700118090957,-0.00316444574855268,-0.0032782056368887424,0.0019717069808393717,0.0019171664025634527,-0.0003266354324296117,-0.003430724609643221,0.0023938308004289865,0.0022328635677695274,0.0033256409224122763,0.0026851689908653498,0.003412592224776745,0.0032552771735936403,-0.0016539297066628933,0.002829390810802579,-0.0013900641351938248,0.00037733858334831893,-0.0016735856188461185,0.001183327636681497,0.0029411239083856344,-0.000593280594330281,-0.002822835696861148,-0.0015297089703381062,0.0012928912183269858,-0.0013912187423557043,0.001598644070327282,-0.002530680736526847,-0.00022564585378859192,-0.0018627889221534133,0.0006948294467292726,0.001867857645265758,-0.00010721441503847018,-0.002503547351807356,0.003515340154990554,0.002020057989284396,0.003357432782649994,0.0035622725263237953,0.0035908266436308622,-8.675263961777091e-05,0.00380794913507998,0.002926518674939871,-0.0009851503418758512,-0.0007333732210099697,0.0002189556835219264,-0.0038534640334546566,0.0025336274411529303,-0.0033426787704229355,0.0036299186758697033,0.0007553590694442391,-0.0009104265482164919,-0.0031720492988824844,0.0018252878217026591,-0.003476050216704607,0.0037381486035883427,0.0013844575732946396,-0.002505525713786483,-0.0024625794030725956,0.0012110535753890872,0.0013329366920515895,-0.001152929151430726,0.002736140275374055,-0.0018889876082539558,0.001943703624419868,0.0032655198592692614,0.0016140147345140576,-0.0036466720048338175,0.0007113515748642385,-0.003235206939280033,0.002234130632132292,0.002431512111797929,0.0016847701044753194,-0.0023425337858498096,-0.002010758500546217,-0.0008466491126455367,-0.0003907427017111331,-0.00017080926045309752,-0.0028355864342302084,-0.003002698300406337,0.00179415347520262,-0.0031243106350302696,-0.0006514270789921284,0.0003623339580371976,0.0035187373869121075,0.0013626388972625136,-0.0033122694585472345,0.001292373170144856,-0.00028369633946567774,0.002683701692149043,0.0025541381910443306,-0.0004467005201149732,-0.0023484774865210056,-0.001579085597768426,0.0007874190341681242,0.001985432580113411,-0.0015033998060971498,-0.0032002844382077456,-0.0020443550311028957,0.0002461070253048092,-0.002089077141135931,-0.0006499825976788998
shape_typehouse_baseNode_5_baseNum_1_seed_1,-0.0022998566273599863,0.0020172633230686188,0.001783610787242651,0.003506668610498309,0.0025931347627192736,-0.0008666445501148701,-0.0009313258342444897,0.003989036660641432,-0.0023115351796150208,6.028003917890601e-05,-6.024378672009334e-05,-0.0008729462279006839,0.001244199462234974,-0.00012367425370030105,0.0016579576767981052,0.0013994775945320725,-1.4473692317551468e-05,-0.003011389635503292,0.003402132075279951,0.0007606108556501567,-0.0015403528232127428,0.003504546359181404,0.001891551073640585,0.0007506710826419294,-0.0018431192729622126,0.0004858671163674444,0.002721393946558237,0.002074085408821702,-0.00015511766832787544,-0.0002557548868935555,0.0031645502895116806,0.0030894328374415636,-0.0014691670658066869,-0.003706532996147871,0.0007384810014627874,0.00267748418264091,-0.0031532784923911095,0.0009933364344760776,0.003166055539622903,-0.0021464277524501085,-0.003699157852679491,0.0029761188197880983,-0.0005808975547552109,-0.0030911718495190144,0.0037543238140642643,-0.000511375954374671,-0.00025454018032178283,0.0020521203987300396,0.003784691682085395,-0.0016337943961843848,0.0011514013167470694,-0.001623232034035027,0.0022997043561190367,-0.0016069677658379078,0.001583289704285562,0.00372132146731019,0.0002130698849214241,-0.00391141464933753,-0.0004318873689044267,0.0022219561506062746,-0.002019317355006933,0.003784711007028818,-0.0038160192780196667,0.0017628767527639866,-0.003695738036185503,0.0014189862413331866,-0.000505188771057874,0.00010080936772283167,0.003624606877565384,-0.0030963115859776735,-0.0032404654193669558,0.0031331288628280163,0.0023335986770689487,0.0018640387570485473,-0.002449220046401024,-0.00299000833183527,0.0014495505020022392,-0.000124838508781977,-0.0037336968816816807,0.003669517580419779,-0.00029896138585172594,0.0014081259723752737,-0.0009532457333989441,0.00044657516991719604,0.0029527307488024235,0.002183114178478718,0.001770591363310814,0.002974898787215352,-6.419391866074875e-05,0.0035881060175597668,0.0015333215706050396,-0.0015347546432167292,0.0010184544371441007,-0.002525132382288575,0.001925620366819203,-0.0027611737605184317,0.0029489228036254644,0.0003924308985006064,0.0020394809544086456,-0.0025518194306641817,-0.0025035329163074493,-0.0023099540267139673,-0.0035243062302470207,0.0022645785938948393,0.002190739382058382,0.0018100873567163944,0.0026991460472345352,0.0015076226554811,0.0032189241610467434,0.0016456268494948745,0.0015357674565166235,-0.0012377911480143666,-0.0034408788196742535,-0.003547332249581814,0.00374871538951993,0.0001529356522951275,-0.0035455171018838882,0.0006071620737202466,-0.0006058380240574479,0.0012500360608100891,-0.00022711986093781888,-0.0035464882384985685,-0.0009800682310014963,-0.0015475372783839703,-0.0015407853061333299,-0.0018351370235905051,-0.0008720486657693982,0.0031249523162841797
shape_typehouse_baseNode_5_baseNum_1_seed_2,0.0019131902372464538,-0.0009656203328631818,0.00046869824291206896,-0.003741411492228508,0.0017441047821193933,0.0007627682643942535,-0.0017460347153246403,-0.0012523531913757324,0.0007328502251766622,0.0021791195031255484,0.002675853669643402,-0.0027476151008158922,0.0033468925394117832,0.0011459474917501211,-0.002520814072340727,-0.0012541995383799076,0.0015159858157858253,0.0027499934658408165,-0.003790387185290456,0.0033016849774867296,0.00182086112909019,0.0031182144302874804,-0.0003045598859898746,0.0018479166319593787,8.608063944848254e-05,-0.0013448534300550818,0.001221169251948595,0.003340701572597027,-0.0008764296071603894,-0.002466754987835884,0.0024564398918300867,-0.0003312234184704721,-0.0009201757493428886,-0.0018011159263551235,-0.0028361319564282894,-0.0006597886676900089,-0.00013026129454374313,0.0013863124186173081,0.0011258303420618176,0.0033821873366832733,-0.000796506879851222,-0.00045344955287873745,0.0021588050294667482,-0.0030580596067011356,-0.0027491075452417135,-0.0016157079953700304,-0.003492997959256172,-0.0028850173112004995,0.0012111207470297813,-0.00020878660143353045,0.0010420173639431596,0.0008802313241176307,-0.003225334919989109,-0.0009468518546782434,0.0014160263817757368,0.0033163237385451794,0.0027577162254601717,0.00267699989490211,-0.0006814648513682187,0.0003806153836194426,-0.0002665718784555793,-0.001726949354633689,0.003806289052590728,0.0017946665175259113,0.001496648765169084,-0.0007148172589950264,0.0012248465791344643,0.003859780728816986,-0.0007647893507964909,0.0017548047471791506,-0.0012653034646064043,-0.0038876698818057775,0.002050489652901888,0.0024040706921368837,-0.002568174386397004,0.0019100583158433437,-0.0025069143157452345,0.003508577821776271,-0.0005109095363877714,0.0023111433256417513,-0.0031094762962311506,-0.0005032055778428912,-0.00044973683543503284,0.0032483746763318777,-0.0032027619890868664,-0.0028757338877767324,0.0005250481772236526,0.0027633486315608025,0.003589702071622014,-0.0023944193962961435,-0.0023287618532776833,-0.0035911204759031534,0.0012091340031474829,0.0026621955912560225,0.001821636687964201,-0.0014286565128713846,0.0018772423500195146,-0.0007383137126453221,0.001503276638686657,0.0014047995209693909,0.0018133523408323526,-0.0023507829755544662,0.0026398818008601665,-0.0037315424997359514,-0.0017734875436872244,-0.0007894917507655919,0.0001836590381572023,0.0006312739569693804,0.0003975603904109448,-0.002659626305103302,-0.00039174818084575236,0.0008912141202017665,-0.002249358454719186,-0.0027591793332248926,0.0011048304149881005,0.0037421458400785923,-0.000229886471061036,0.0030182385817170143,-0.0029504222329705954,-0.0036087229382246733,0.0003962930932175368,0.00024365766148548573,-0.002392463618889451,0.002523105125874281,0.003565300954505801,0.00016460132610518485,0.0021884699817746878,0.0013712812215089798
shape_typehouse_baseNode_5_baseNum_1_seed_3,-0.002769225277006626,0.0015365831786766648,-0.001266799750737846,-0.0031551953870803118,0.0016236483352258801,-0.0029471958987414837,0.0037175710313022137,0.0017892316682264209,0.003398852190002799,-0.0009226025431416929,0.00022807158529758453,-0.0006848751218058169,0.002960620215162635,-0.0008330703130923212,0.00036581343738362193,-0.0012500170851126313,-0.0031026059295982122,0.0019480347400531173,0.00047376990551128983,-0.00029748142696917057,-0.0013572762254625559,-0.0007443024660460651,0.0006578683387488127,9.332276385976002e-05,0.0031834831461310387,-0.0031493462156504393,0.0006121196784079075,0.0029890313744544983,-0.0017806118121370673,-0.001083750044927001,0.003990225959569216,0.003609175095334649,-0.003974964376538992,0.00048098465777002275,0.0004931379808112979,0.0015122503973543644,-0.0010472811991348863,0.0038457748014479876,0.003922467119991779,-0.0037560637574642897,0.0014576109824702144,-4.346754394646268e-06,-0.0032669876236468554,-0.00375064997933805,0.0027338399086147547,-0.0037630919832736254,0.0011625137412920594,-0.0019917262252420187,-0.000585211266297847,0.001197673031128943,-0.0025454142596572638,-0.0031897604931145906,-0.003155927173793316,0.0007411888800561428,0.0016566996928304434,0.0036542934831231833,-0.0018794246716424823,0.0009073506225831807,-0.0031651672907173634,-0.0012453605886548758,0.002839552005752921,-0.0019449975807219744,-0.0007296710391528904,-5.297214011079632e-05,0.0003431070945225656,0.002216913038864732,-0.0008148294291459024,0.001818417920731008,0.0007361253374256194,0.0024307221174240112,-0.0028034767601639032,-0.0034888875670731068,-0.0026577741373330355,0.003518064273521304,-0.0010675261728465557,0.003931334242224693,0.0010137627832591534,0.004094439093023539,0.00026100786635652184,-0.001879889634437859,-0.0016289363848045468,0.00086597929475829,3.7290163163561374e-05,0.00031879416201263666,-0.0005332092987373471,0.00016479589976370335,0.0017580301500856876,0.001044898177497089,0.0030671844724565744,0.0028813458047807217,0.0019033389398828149,-0.0007836477598175406,-0.0019157766364514828,0.00023946037981659174,0.0010159233352169394,0.002439910313114524,0.002432627370581031,-0.0016703576548025012,-0.00330628571100533,-0.0036910530179739,0.004005509428679943,0.0030491903889924288,-0.0013793783728033304,0.002179298084229231,0.002985087689012289,-0.003345772158354521,-0.00029531228938139975,0.0026820367202162743,-0.0022044668439775705,-0.003121008165180683,-0.0004075898032169789,0.0031732749193906784,0.0013826916692778468,-0.002578974002972245,0.002894996665418148,0.0006635624449700117,1.372646693198476e-05,0.0028022618498653173,0.0016131874872371554,0.002689991146326065,-0.0009896658593788743,3.343753269291483e-05,-0.0007603371050208807,-0.002833704696968198,0.002981064608320594,0.001956256339326501,-0.0013509098207578063,0.0005940874689258635
shape_typehouse_baseNode_5_baseNum_1_seed_4,0.00348646636120975,0.0028160903602838516,-0.002831821097061038,-0.0024868627078831196,-0.0015915475087240338,0.0036771423183381557,0.003801801009103656,-0.0008504916913807392,-0.002641641302034259,-0.0032589666079729795,0.0031081540510058403,0.0013989374274387956,0.00044890918070450425,-0.00017751409905031323,0.0023540444672107697,-0.0009899650467559695,-0.0009720358066260815,-0.002018292900174856,0.0011448226869106293,0.0019502552459016442,0.0016265972517430782,-0.0017314516007900238,-0.0005429268348962069,-0.0006170658161863685,-0.0021820482797920704,-0.0031986492685973644,-0.0013691791100427508,0.0021477662958204746,0.002268104115501046,-0.00011912994523299858,0.001810197252780199,0.003349483944475651,0.00034995641908608377,0.0008974874508567154,-0.0008089145994745195,-0.003511877963319421,-0.002416985109448433,-0.0019197616493329406,0.002369379624724388,-0.0022932980209589005,0.0007402210612781346,0.0014813242014497519,-0.0020613609813153744,0.0020250179804861546,0.0034459331072866917,-0.003685464384034276,-0.000702413497492671,0.0016787084750831127,0.0013714843662455678,0.0024747636634856462,-0.00012166911619715393,0.002494928427040577,0.001833645743317902,-0.002040853025391698,0.002486933721229434,0.00021398831449914724,0.003237544558942318,0.0016998702194541693,-0.00014371542783919722,-0.0015370118198916316,-0.0028040846809744835,0.0011399614159017801,0.0002038643870037049,0.002978596603497863,0.0033343913964927197,0.002807286800816655,0.001772630144841969,0.0038327074144035578,0.0038563793059438467,0.0005225568311288953,0.001566551742143929,0.002920684637501836,0.0005659041926264763,0.00040604223613627255,0.00032871836447156966,-0.003134769154712558,0.002235518069937825,-0.001045853947289288,-0.003296276554465294,-0.000990327913314104,-0.00036780082155019045,-0.002791076200082898,0.001671923091635108,-0.001487467554397881,0.00039434514474123716,-0.0016094095772132277,0.0010093909222632647,2.3762035198160447e-05,-0.0026310745161026716,0.0011373022571206093,0.0004946432891301811,0.0006912276730872691,0.0023497925139963627,0.0005730399279855192,-0.000980486860498786,0.0031577874906361103,-0.0010620420798659325,-0.0005163639434613287,0.0015424141893163323,-0.002180690411478281,-0.002561226487159729,-0.0029613380320370197,-0.0005527783650904894,0.0016492707654833794,0.0012599627953022718,0.00330524705350399,-0.001926811644807458,-0.001256170915439725,-0.00036313157761469483,-0.0010195745853707194,-0.0007470525451935828,0.0039287144318223,-0.0005174438119865954,0.00021233136067166924,0.0032113385386765003,0.0018943647155538201,-0.002235210267826915,-0.0009894323302432895,0.0033699434716254473,-0.0019196680514141917,0.00018151637050323188,-0.0034153566230088472,-0.0038159324321895838,0.0005518599646165967,-0.003471952863037586,0.00013530414435081184,-0.0023626000620424747,-0.0027599516324698925
shape_typestar_baseNode_5_baseNum_1_seed_0,-0.0036577549763023853,-0.0033048393670469522,-0.0015107010258361697,0.003630693070590496,0.0002800759975798428,-0.0006368197500705719,-0.0017396924085915089,0.0035520719829946756,-0.0036506413016468287,0.0009140362381003797,-0.0028565782122313976,-0.0018857253016903996,0.0016260576667264104,0.003591946791857481,-0.003141251392662525,-0.0029584572184830904,0.0019338347483426332,0.000581081141717732,0.0027933414094150066,0.0026662799064069986,0.002589548472315073,-0.001421436551027,-0.003711114637553692,-0.0011161516886204481,-0.0004096334450878203,-0.001436506980098784,-0.0031455594580620527,0.0027302741073071957,-0.003744219895452261,-0.0026221072766929865,0.0033223289065063,-0.0030840416438877583,0.003370553022250533,0.0031271649058908224,0.0017079660901799798,0.0015242703957483172,0.0018186751985922456,-0.00040156958857551217,0.0030758895445615053,0.003746324684470892,-0.0011056592920795083,-0.0007938448688946664,0.003405113471671939,-0.0015809503383934498,-0.0009488221257925034,-0.0020195161923766136,-0.0033914309460669756,0.002566350158303976,-0.002401590347290039,0.0021572906989604235,-0.0018587377853691578,0.0016496855532750487,-0.0012984294444322586,0.0013001741608604789,-0.003514175536110997,0.00012084073387086391,-0.0029276718851178885,-0.0007770512020215392,-0.0033296889159828424,0.0025925016961991787,-0.002878733677789569,-0.003500269493088126,0.0006544566131196916,0.0017752372659742832,-0.0033815514761954546,-0.0024730204604566097,0.0016920954221859574,0.003456865670159459,-0.0020984760485589504,0.002939169527962804,-0.00044157917727716267,0.0007907918770797551,-0.002070738235488534,-0.001697311527095735,0.002543041482567787,-0.0020306098740547895,-0.0032322145998477936,0.0010900672059506178,-0.0011834751348942518,0.0026403802912682295,-0.0025855684652924538,-0.003921426832675934,0.0025471739936619997,0.0018554436974227428,0.0014767320826649666,0.0033588390797376633,-0.0021886255126446486,0.0007087857229635119,-0.003607855411246419,0.0009961219038814306,-0.0028733022045344114,-0.003952533472329378,-0.00047307173372246325,0.003373936749994755,0.0005791223957203329,-0.0017754354048520327,-0.003255135379731655,-0.0017773823346942663,0.0033164462074637413,-0.0006667407578788698,-0.001276535214856267,-0.003892051288858056,-0.002674091374501586,0.0012774878414347768,-0.0034758306574076414,0.001642682240344584,-0.002071562223136425,0.0003695191990118474,0.002434779889881611,-0.0002855901839211583,0.0008597284904681146,0.0022184462286531925,0.002357149263843894,0.0017097293166443706,0.003500125603750348,-0.00043255501077510417,0.0007211445481516421,0.0010899328626692295,0.003034888533875346,-0.0031155976466834545,3.698985528899357e-05,0.0031850705854594707,-0.002799242502078414,-0.0014944167342036963,0.0010689329355955124,0.002838619751855731,0.0014098513638600707,0.0013210716424509883
shape_typestar_baseNode_5_baseNum_1_seed_1,-0.002456945599988103,-0.003602597862482071,0.0010988622670993209,0.0017719125607982278,-0.0033604700583964586,0.0001936648041009903,0.000734718341846019,0.0008602644666098058,0.0030375290662050247,0.0009611017303541303,0.002929193899035454,-0.0016164538683369756,-0.0003111049300059676,0.0002316343307029456,-0.00107318174559623,0.003453996730968356,0.0019777612760663033,0.00397159019485116,-0.0027232503052800894,-0.002692090580239892,0.0031161077786237,-0.00325682177208364,-0.0038237995468080044,-0.0002412097092019394,-0.0017364812083542347,-0.002251839265227318,0.0011126910103484988,-0.0033943457528948784,-0.0033417900558561087,-0.00038704019971191883,-0.0020512037444859743,-0.0023600736167281866,-0.0027141585014760494,0.0028184973634779453,0.0036611484829336405,0.0027816344518214464,0.0002498005924280733,0.0014385331887751818,0.0009839378762990236,-0.000977457850240171,-0.0035254142712801695,-0.0032508873846381903,0.0022979213390499353,-0.001657675951719284,0.0005312083521857858,0.003285363782197237,0.0023976005613803864,0.002496429719030857,0.00044808050733990967,-0.0010332961101084948,0.00043565710075199604,-0.0019909341353923082,0.002904105233028531,-0.0036511302459985018,-0.0004573746118694544,-0.00262111215852201,0.003540520090609789,-0.0027349204756319523,-0.0009926194325089455,-0.0030687034595757723,0.003402549773454666,0.0019633660558611155,-0.0036322670057415962,0.002637141849845648,-0.0011105244047939777,-0.0018822073470801115,0.0011959659168496728,-0.0003716582141350955,-0.00038646592292934656,0.002382223727181554,-0.0017188875935971737,-0.002465294674038887,-0.0038163214921951294,1.4569662198482547e-05,-0.00218267017044127,-0.0019955297466367483,0.0012301430106163025,0.0021385473664849997,0.0035440020728856325,0.002613294404000044,-0.001976625993847847,0.00023116637021303177,0.0005238939775153995,0.003559689037501812,-0.0022010449320077896,0.0019067074172198772,-0.0012643726076930761,-0.0012504957849159837,0.002853364683687687,-0.0033083618618547916,-0.0013429459650069475,-0.00021514008403755724,-0.0006961420294828713,0.0031696355435997248,-0.0009470509248785675,0.0005188024369999766,-0.002425519283860922,-0.0029749199748039246,-0.0017341305501759052,0.002587722847238183,0.0030735039617866278,-0.000548223964869976,0.0007903640507720411,-0.0014327564276754856,-0.0012591357808560133,0.0025890718679875135,0.0012915991246700287,0.0018087744247168303,-0.0010861390037462115,-0.003241900587454438,-0.0011747158132493496,0.001492963870987296,0.0037669753655791283,-0.003890958381816745,-0.00021700776414945722,-0.0039010930340737104,0.0017762869829311967,-0.003093910403549671,0.003205111250281334,-0.0007948050042614341,0.001935744658112526,-0.0015700113726779819,-0.00196461146697402,-0.0018004340818151832,0.00022156210616230965,0.0032037445344030857,0.00048806305858306587,-0.0018149891402572393
shape_typestar_baseNode_5_baseNum_1_seed_2,-0.003440930275246501,0.002422727644443512,0.000806062133051455,-0.00045690196566283703,0.0008574588573537767,-0.003091291291639209,0.0028904492501169443,0.0009686662233434618,0.002528740093111992,-0.0016424605855718255,-0.0028206747956573963,0.0009824915323406458,0.003853920614346862,0.0030342508107423782,0.00011265079956501722,0.00019410211825743318,-0.003367135999724269,0.0017121743876487017,0.0015171797713264823,-0.002793966792523861,0.0033146317582577467,-0.001384581672027707,-0.003655965905636549,-0.0010823225602507591,0.001403294038027525,-0.002818536479026079,-0.00010117851343238726,-0.002964335959404707,0.003144161542877555,-0.0011429755249992013,0.002653962466865778,-0.003444413188844919,0.0004806362558156252,-0.002753128297626972,-0.002905466826632619,-0.0013497367035597563,-0.002727741142734885,0.0009140960173681378,0.0011016782373189926,-0.002563660265877843,0.0017526581650599837,-0.0019435851136222482,0.0031080814078450203,0.0019335347460582852,0.0019377087010070682,-0.0013132543535903096,-0.000820880348328501,-0.0029139735270291567,0.0012828563340008259,0.00012753014743793756,0.0030026203021407127,-0.0002024042623816058,0.0010490857530385256,0.0012775743380188942,-0.000638906261883676,-0.0009638595511205494,-0.003439325373619795,-0.0011723099742084742,-0.0029464317485690117,-0.0011756221065297723,0.003318134229630232,-0.0036618297453969717,-0.0013534784084185958,-0.003599685151129961,-0.001756914658471942,-0.0029540446121245623,-0.0025062416680157185,0.0006871676887385547,0.0014991754433140159,-0.00031088534160517156,-0.0029712372925132513,0.0035465192049741745,0.0029980794060975313,0.0016061685746535659,0.0009737960644997656,0.0012715652119368315,-0.001178434118628502,0.0016811360837891698,0.0027732730377465487,0.0005391336744651198,-0.0011409735307097435,0.0023027961142361164,-0.0018838117830455303,0.0012150120455771685,-0.0029406463727355003,-0.00029068198637105525,-0.003122958354651928,-0.003720303997397423,0.0003498542937450111,-0.0014668318908661604,-0.0014852898893877864,-0.0009507454815320671,5.795020842924714e-05,-0.0026824800297617912,0.0005627935752272606,0.0021082405000925064,0.003754539880901575,0.0019351625815033913,-0.002260257489979267,-0.003234953386709094,-0.0008594011887907982,0.0005555784446187317,0.002031787298619747,0.0007640634430572391,0.0028403864707797766,-0.0014207062777131796,0.00017715984722599387,-0.0012870740611106157,-0.00019451460684649646,0.00034240781678818166,-0.0007262788130901754,0.003660226007923484,-0.002404076512902975,0.0009439019486308098,0.0025411141104996204,0.0006865789764560759,0.00024319438671227545,0.003896291134878993,-0.0019810223020613194,-0.003583804704248905,0.0016476564342156053,-0.0012387159513309598,0.0013433701824396849,-0.001897321781143546,-0.002023952081799507,-3.4026952562271617e-06,-0.0021948458161205053,-0.00017620845756027848
shape_typestar_baseNode_5_baseNum_1_seed_3,0.002791742794215679,-0.0005362094379961491,0.0021280450746417046,0.002946434775367379,0.002195659326389432,0.0002264280046802014,0.0037077446468174458,1.6618940207990818e-05,0.0017109630862250924,-0.0037031820975244045,-0.0036241302732378244,-0.0018717847997322679,-0.003822562750428915,0.0018618557369336486,-0.003189419861882925,-0.002650806214660406,0.0016621523536741734,-0.0032466810662299395,0.0019659404642879963,-0.0011711843544617295,-0.00157186109572649,-0.0018765183631330729,0.0012718375073745847,0.001644373289309442,-0.0003077313886024058,-0.0007639470277354121,-0.0020241569727659225,0.0005123440059833229,0.00213445071130991,0.0017503548879176378,0.0017730706604197621,-0.002289735246449709,0.002447349950671196,-0.0009831517236307263,-0.0004727959167212248,0.0030256740283221006,-0.0037408308126032352,-0.0011915098875761032,0.0035079193767160177,-0.0013076760806143284,0.003504266031086445,-0.0025120892096310854,0.001257987110875547,-0.0015919478610157967,-0.000811898906249553,-0.0020089081954210997,-0.0005871006287634373,0.003532591974362731,-0.0024888755287975073,-0.0015064062317833304,-0.002891174051910639,0.0037666240241378546,-0.002969032386317849,0.0003811740898527205,-0.00025706004817038774,5.099023110233247e-05,0.0014872937463223934,0.0008538938127458096,0.0020977063104510307,0.00042123720049858093,0.00341677013784647,0.001052674138918519,0.003790047951042652,0.0019102636724710464,-0.0020913006737828255,0.003476921934634447,-0.00018530990928411484,0.0038806828670203686,0.0006184558151289821,-0.00136945687700063,-0.0012188901891931891,-0.0028531330171972513,0.0030890784692019224,0.002274461090564728,0.002702923957258463,0.0013976646587252617,7.191460463218391e-05,-0.0005762975779362023,-0.0006297790678218007,0.0013389009982347488,0.0038137382362037897,0.0035601838026195765,0.003867838764563203,-0.0014776774914935231,-0.00043700821697711945,0.0005208918591961265,0.0033255438320338726,-0.0022165013942867517,0.0011907607549801469,-0.0014178010169416666,0.00011478148371679708,-0.0032283668406307697,-0.002987117040902376,0.0018757531652227044,-0.002143998397514224,0.0016639754176139832,0.0025424687191843987,-0.0025933529250323772,0.002469186671078205,-0.0022170678712427616,-0.0036553191021084785,-0.002176156034693122,-0.0035760365426540375,0.002354416297748685,-0.00014935742365196347,-0.0012899144785478711,-0.0009085497003979981,0.0038521813694387674,0.00360135268419981,0.0011692838743329048,0.0024560389574617147,0.00012324545241426677,0.0026666580233722925,0.00037241028621792793,-0.0013209856115281582,-0.0026624153833836317,0.001901051728054881,0.0010359443258494139,0.0011510855983942747,0.0006165893282741308,-0.003785029286518693,0.002434020396322012,-0.0005553931114263833,-0.0025967201218008995,-0.0008643959881737828,0.0023332894779741764,0.0032149357721209526,-0.0012009927304461598
shape_typestar_baseNode_5_baseNum_1_seed_4,0.0006872500525787473,-0.0023087000008672476,-0.0010000133188441396,-0.0023097493685781956,-0.0001109503282350488,0.0010584060801193118,0.001546802232041955,-0.00238120649009943,-0.0005479593528434634,-0.0010555534390732646,-0.0015543331392109394,0.0002444191777613014,-0.0010053302394226193,-0.0011371987638995051,0.001076573971658945,0.003285821760073304,-0.001371033489704132,0.0038200831040740013,0.0011181954760104418,0.0029270430095493793,0.002479533664882183,0.00059649592731148,-0.0019407343352213502,0.0006430826033465564,0.003302737371996045,0.0006729270680807531,0.002306124195456505,0.003304394893348217,-0.0009087984217330813,0.0014633960090577602,-0.0006726360297761858,-0.0014155969256535172,-0.001479900791309774,-0.0027489187195897102,-0.00021810311591252685,0.0027135456912219524,-4.0096270822687075e-05,-0.0007023626822046936,0.0030487554613500834,-0.0003985130169894546,-0.002881599823012948,0.0013507610419765115,0.0021071606315672398,0.002264634473249316,-0.0015550884418189526,0.002797079971060157,0.002467694692313671,0.002522363094612956,-0.0006639679777435958,0.0025339596904814243,-0.002391637535765767,-0.0015709793660789728,0.0009095370187424123,-0.00017169125203508884,-0.003174841869622469,0.0010590999154374003,0.001499971724115312,0.002936695236712694,-0.003484832588583231,-0.0007837784942239523,0.000943451130297035,0.002050706883892417,-0.0032593938522040844,-0.003685266710817814,-0.0015116635477170348,0.0023987609893083572,0.0033428864553570747,0.0021822762209922075,-0.0015189978294074535,0.0005533277872018516,0.0027906533796340227,0.0004148161388002336,-0.00030731374863535166,0.0021758191287517548,0.00013184525596443564,-0.0010936349863186479,-0.0004454197478480637,0.0007228029426187277,0.0009928008075803518,0.0007805907516740263,-0.001421658438630402,-0.003685304429382086,0.0034333865623921156,0.00023483525728806853,-0.003753862576559186,0.0022410752717405558,0.00043647148413583636,0.003257443429902196,0.002833980368450284,-0.0012592073762789369,-0.0015908903442323208,0.001680158544331789,0.0011368889827281237,-0.001923245145007968,-0.0022935562301427126,-0.001984009053558111,-0.0034538358449935913,0.0028153411112725735,0.0008644232293590903,0.0037320281844586134,-0.0027236659079790115,0.0030755845364183187,-0.0017356972675770521,-0.003325660014525056,-0.0017543213907629251,-0.0007557410281151533,-0.0024002306163311005,-0.0018782248953357339,-0.003751530312001705,-0.0026942703407257795,0.0010780883021652699,-0.002778648165985942,0.00014262385957408696,-0.0014367500552907586,0.0012569647515192628,-0.001051191589795053,-0.0027025947347283363,0.0029007946141064167,-0.0007771682576276362,-0.001663526170887053,-0.0014906850410625339,0.0001629148464417085,-0.0011532787466421723,0.0017832077573984861,0.00073570990934968,0.0005833057221025229,0.0013849202077835798,-0.002074738498777151
